trade_id,t_years,leg,cashflow,df,pv
SWP0001,0.25,FLOAT,315624.99999999924,0.9872886585215352,311612.9828458588
SWP0001,0.5,FIXED,566146.0,0.9753718605218239,552202.8773469885
SWP0001,0.5,FLOAT,299192.4287301016,0.9753718605218239,291823.8758645224
SWP0001,0.75,FLOAT,288799.9878078494,0.9639947944281101,278401.6848776685
SWP0001,1.0,FIXED,566146.0,0.9521189937160147,539038.3598163469
SWP0001,1.0,FLOAT,305575.53836431314,0.9521189937160147,290944.2740916593
SWP0001,1.25,FLOAT,297658.25402755727,0.9406837316963362,280002.27716885856
SWP0001,1.5,FIXED,566146.0,0.9293858109316078,526168.059315686
SWP0001,1.5,FLOAT,297658.25402755727,0.9293858109316078,276639.35779988783
SWP0001,1.75,FLOAT,297658.25402755727,0.9182235819082214,273316.8281977309
SWP0001,2.0,FIXED,566146.0,0.9071954149237699,513605.0553774326
SWP0001,2.0,FLOAT,297658.25402755727,0.9071954149237699,270034.2032680147
SWP0001,2.25,FLOAT,293095.2052839685,0.8964613585476264,262748.52591266186
SWP0001,2.5,FIXED,566146.0,0.8858543089490646,501522.87359427713
SWP0001,2.5,FLOAT,293095.2052839685,0.8858543089490646,259639.65053311412
SWP0001,2.75,FLOAT,293095.2052839685,0.8753727633670603,256567.5597790633
SWP0001,3.0,FIXED,566146.0,0.8650152368214571,489724.9162655206
SWP0001,3.0,FLOAT,293095.2052839685,0.8650152368214571,253531.81840994558
SWP0001,3.25,FLOAT,288580.94988839165,0.8549328107145087,246717.32260674544
SWP0001,3.5,FIXED,566146.0,0.8449679031342576,478375.1984878474
SWP0001,3.5,FLOAT,288580.94988839165,0.8449679031342576,243841.64011168657
SWP0001,3.75,FLOAT,288580.94988839165,0.8351191443107725,240999.47593518355
SWP0001,4.0,FIXED,566146.0,0.8253851804398571,467288.51836530335
SWP0001,4.0,FLOAT,288580.94988839165,0.8253851804398571,238190.4393951355
SWP0001,4.25,FLOAT,284092.64319134917,0.8159094482079573,231793.8717461938
SWP0001,4.5,FIXED,566146.0,0.8065425009451345,456620.8107400841
SWP0001,4.5,FLOAT,284092.64319134917,0.8065425009451345,229132.7909396645
SWP0001,4.75,FLOAT,284092.6431913547,0.7972830897590382,226502.26034141524
SWP0001,5.072222222222222,FIXED,566146.0,0.7855455871117712,444733.4919609809
SWP0001,5.072222222222222,FLOAT,367296.19642198103,0.7855455871117712,288527.90626222553
SWP0002,0.25,FLOAT,643749.9999999985,0.9872886585215352,635567.0739232368
SWP0002,0.5,FIXED,1020923.0,0.9753718605218239,995779.565959522
SWP0002,0.5,FLOAT,610884.8574602032,0.9753718605218239,595839.8999855677
SWP0002,0.75,FLOAT,590099.9756156988,0.9639947944281101,568853.3046856883
SWP0002,1.0,FIXED,1020923.0,0.9521189937160147,972040.1794215349
SWP0002,1.0,FLOAT,623651.0767286263,0.9521189937160147,593790.0356047688
SWP0002,1.25,FLOAT,607816.5080551145,0.9406837316963362,571763.1009839213
SWP0002,1.5,FIXED,1020923.0,0.9293858109316078,948831.3502537298
SWP0002,1.5,FLOAT,607816.5080551145,0.9293858109316078,564896.0382364207
SWP0002,1.75,FLOAT,607816.5080551145,0.9182235819082214,558111.4511693146
SWP0002,2.0,FIXED,1020923.0,0.9071954149237699,926176.6645902199
SWP0002,2.0,FLOAT,607816.5080551145,0.9071954149237699,551408.3492225766
SWP0002,2.25,FLOAT,598690.410567937,0.8964613585476264,536702.818807169
SWP0002,2.5,FIXED,1020923.0,0.8858543089490646,904389.0386552059
SWP0002,2.5,FLOAT,598690.410567937,0.8858543089490646,530352.4799280915
SWP0002,2.75,FLOAT,598690.410567937,0.8753727633670603,524077.27910021483
SWP0002,3.0,FIXED,1020923.0,0.8650152368214571,883113.9506214724
SWP0002,3.0,FLOAT,598690.410567937,0.8650152368214571,517876.32728015934
SWP0002,3.25,FLOAT,589661.8997767833,0.8549328107145087,504121.30534742225
SWP0002,3.5,FIXED,1020923.0,0.8449679031342576,862647.1665715358
SWP0002,3.5,FLOAT,589661.8997767833,0.8449679031342576,498245.3790125514
SWP0002,3.75,FLOAT,589661.8997767833,0.8351191443107725,492437.9411742518
SWP0002,4.0,FIXED,1020923.0,0.8253851804398571,842654.7145702002
SWP0002,4.0,FLOAT,589661.8997767833,0.8253851804398571,486698.1935457692
SWP0002,4.25,FLOAT,580685.2863826983,0.8159094482079573,473786.61159498704
SWP0002,4.5,FIXED,1020923.0,0.8065425009451345,823417.7896924096
SWP0002,4.5,FLOAT,580685.2863826983,0.8065425009451345,468347.36314114317
SWP0002,4.75,FLOAT,580685.2863827094,0.7972830897590382,462970.55930481845
SWP0002,5.0,FIXED,1020923.0,0.7881299800950722,804620.0236686014
SWP0002,5.0,FLOAT,580685.2863826983,0.7881299800950722,457655.4831982973
SWP0002,5.25,FLOAT,571720.9497999254,0.7792200515357292,445496.4279671539
SWP0002,5.5,FIXED,1020923.0,0.7704108510655816,786530.1573024268
SWP0002,5.5,FLOAT,571720.9497999143,0.7704108510655816,440460.02350737463
SWP0002,5.75,FLOAT,571720.9497999254,0.7617012399383549,435480.5563613372
SWP0002,6.0,FIXED,1020923.0,0.7530900922814734,768846.9962822787
SWP0002,6.0,FLOAT,571720.9497999254,0.7530900922814734,430557.3828440775
SWP0002,6.25,FLOAT,562734.6632024688,0.7447086251344928,419073.35734903236
SWP0002,6.5,FIXED,1020923.0,0.7364204389803919,751828.5638251787
SWP0002,6.5,FLOAT,562734.6632024688,0.7364204389803919,414409.30770504504
SWP0002,6.75,FLOAT,562734.6632024577,0.7282244956544343,409797.1662978777
SWP0002,7.0,FIXED,1020923.0,0.7201197685460701,735186.8344633594
SWP0002,7.0,FLOAT,562734.6632024688,0.7201197685460701,405236.3554182125
SWP0002,7.25,FLOAT,553697.0055070812,0.7122325479654076,394361.02903312474
SWP0002,7.5,FIXED,1020923.0,0.7044317133599748,719170.5380986056
SWP0002,7.5,FLOAT,553697.0055070812,0.7044317133599748,390041.7302716406
SWP0002,7.75,FLOAT,553697.0055070812,0.6967163185743244,385769.739282521
SWP0002,8.0,FIXED,1020923.0,0.6890854278159195,703503.1622221121
SWP0002,8.0,FLOAT,553697.0055070812,0.6890854278159195,381544.5379202406
SWP0002,8.25,FLOAT,544582.8509587969,0.6816610098928219,371220.8961548856
SWP0002,8.5,FIXED,1020923.0,0.6743165849274501,688425.3108338871
SWP0002,8.5,FLOAT,544582.8509587969,0.6743165849274501,367221.2482685905
SWP0002,8.75,FLOAT,544582.8509587969,0.6670512910511227,363264.6938163666
SWP0002,9.0,FIXED,1020923.0,0.6598642756811962,673670.6159212738
SWP0002,9.0,FLOAT,544582.8509587969,0.6598642756811962,359350.76849632734
SWP0002,9.25,FLOAT,535370.9274934948,0.652873683887616,349529.5896790077
SWP0002,9.5,FIXED,1020923.0,0.6459571503139235,659472.5117699418
SWP0002,9.5,FLOAT,535370.9274935059,0.6459571503139235,345826.67868462723
SWP0002,9.75,FLOAT,535370.9274934948,0.6391138903884982,342162.9962712661
SWP0002,10.0,FIXED,1020923.0,0.6323431278514587,645573.6431154949
SWP0002,10.0,FLOAT,535370.9274934948,0.6323431278514587,338538.12685197307
SWP0002,10.25,FLOAT,526043.4356278764,0.6257595933244686,329176.72634950624
SWP0002,10.5,FIXED,1020923.0,0.6192446021641399,632201.0569752202
SWP0002,10.5,FLOAT,526043.4356278654,0.6192446021641399,325749.55801643484
SWP0002,10.75,FLOAT,526043.4356278764,0.6127974407426948,322358.0710722572
SWP0002,11.0,FIXED,1020923.0,0.6064174028621718,619105.4741822571
SWP0002,11.0,FLOAT,526043.4356278764,0.6064174028621718,319001.89402615087
SWP0002,11.25,FLOAT,516585.7202291457,0.6002161411111901,310063.0875490827
SWP0002,11.5,FIXED,1020923.0,0.5940782938452195,606508.193987343
SWP0002,11.5,FLOAT,516585.7202291457,0.5940782938452195,306892.36329853476
SWP0002,11.75,FLOAT,516585.7202291457,0.5880032125838262,303754.0630696673
SWP0002,12.0,FIXED,1020923.0,0.5819902554779774,594167.2375933431
SWP0002,12.0,FLOAT,516585.7202291457,0.5819902554779774,300647.8552924355
SWP0002,12.25,FLOAT,506985.9881230765,0.576148273443633,292099.10171722475
SWP0002,12.5,FIXED,1020923.0,0.5703649328620765,582298.6783523497
SWP0002,12.5,FLOAT,506985.9881230654,0.5703649328620765,289167.02907782566
SWP0002,12.75,FLOAT,506985.9881230654,0.5646396450940472,286264.38840146246
SWP0002,13.0,FIXED,1020923.0,0.5589718274090089,570667.1949538876
SWP0002,13.0,FLOAT,506985.9881230765,0.5589718274090089,283390.8842519181
SWP0002,13.25,FLOAT,497235.06508688733,0.5534677558964753,275203.57562667737
SWP0002,13.5,FIXED,1020923.0,0.5480178817544168,559484.0598943644
SWP0002,13.5,FLOAT,497235.0650868762,0.5480178817544168,272493.7071029295
SWP0002,13.75,FLOAT,497235.06508688733,0.5426216713133557,269810.52205305203
SWP0002,14.0,FIXED,1020923.0,0.5372785961587402,548520.0762261695
SWP0002,14.0,FLOAT,497235.0650868762,0.5372785961587402,267153.7577307767
SWP0002,14.25,FLOAT,487326.18633753335,0.5320925435581239,259302.63003081834
SWP0002,14.5,FIXED,1020923.0,0.5269565490498428,537982.0609256127
SWP0002,14.5,FLOAT,487326.1863375444,0.5269565490498428,256799.72541405304
SWP0002,14.75,FLOAT,487326.18633753335,0.5218701294508675,254320.97994876612
SWP0002,15.0,FIXED,1020923.0,0.5168328062420661,527646.4990470688
SWP0002,15.0,FLOAT,487326.18633753335,0.5168328062420661,251866.16044007137
SWP0002,15.25,FLOAT,477254.8151610989,0.5119462301729933,244328.80345363333
SWP0002,15.5,FIXED,1020923.0,0.5071058559420981,517716.03176597465
SWP0002,15.5,FLOAT,477254.81516111,0.5071058559420981,242018.7115447625
SWP0002,15.75,FLOAT,477254.81516111,0.5023112467179833,239730.46120573787
SWP0002,16.0,FIXED,1020923.0,0.4975619697994269,507972.4588935403
SWP0002,16.0,FLOAT,477254.81516111,0.4975619697994269,237463.8459278233
SWP0002,16.25,FLOAT,467018.48483009514,0.4929575639077919,230220.29458175175
SWP0002,16.5,FIXED,1020923.0,0.4883957668868135,498614.4715173863
SWP0002,16.5,FLOAT,467018.4848301062,0.4883957668868135,228089.8510489174
SWP0002,16.75,FLOAT,467018.48483009514,0.48387618443679276,225979.12250103863
SWP0002,17.0,FIXED,1020923.0,0.4793984259068537,489428.87917210284
SWP0002,17.0,FLOAT,467018.48483009514,0.4793984259068537,223887.92649695146
SWP0002,17.25,FLOAT,456616.6594311527,0.47506001952396704,216920.319144332
SWP0002,17.5,FIXED,1020923.0,0.47076087436707936,480610.6041414618
SWP0002,17.5,FLOAT,456616.6594311527,0.47076087436707936,214957.25784438432
SWP0002,17.75,FLOAT,456616.6594311638,0.4665006351343283,213011.9616375532
SWP0002,18.0,FIXED,1020923.0,0.46227894973922296,471951.2122046167
SWP0002,18.0,FLOAT,456616.6594311638,0.46227894973922296,211084.26975527086
SWP0002,18.25,FLOAT,446050.6096721328,0.4581914185077842,204376.5615719365
SWP0002,18.5,FIXED,1020923.0,0.4541400297647227,463642.00160748995
SWP0002,18.5,FLOAT,446050.6096721328,0.4541400297647227,202569.4371530751
SWP0002,18.75,FLOAT,446050.60967214394,0.4501244639334058,200778.29156584264
SWP0002,19.0,FIXED,1020923.0,0.44614440426293994,455479.08363333344
SWP0002,19.0,FLOAT,446050.6096721328,0.44614440426293994,199002.98352329485
SWP0002,19.25,FLOAT,435323.3001603729,0.4422935901568032,192540.705306839
SWP0002,19.5,FIXED,1020923.0,0.43847601365073124,447650.2472843455
SWP0002,19.5,FLOAT,435323.3001603618,0.43847601365073124,190878.82530359618
SWP0002,19.75,FLOAT,435323.3001603618,0.4346913878604374,189231.28951469343
SWP0002,20.0,FIXED,1020923.0,0.43093942837782423,439955.97403777344
SWP0002,20.0,FLOAT,435323.3001603729,0.43093942837782423,187597.9741306591
SWP0002,20.25,FLOAT,424439.2850510592,0.42731206780675246,181368.02855358776
SWP0002,20.5,FIXED,1020923.0,0.42371523993667337,432580.63390186836
SWP0002,20.5,FLOAT,424439.2850510481,0.42371523993667337,179841.39350395495
SWP0002,20.75,FLOAT,424439.2850510592,0.4201486877636822,178327.60864955798
SWP0002,21.0,FIXED,1020923.0,0.416612156447162,425328.93259650597
SWP0002,21.0,FLOAT,424439.2850510481,0.416612156447162,176826.56582600882
SWP0002,21.25,FLOAT,413404.60935074266,0.413195815354522,170817.05463199774
SWP0002,21.5,FIXED,1020923.0,0.40980748925443716,418381.89135210775
SWP0002,21.5,FLOAT,413404.60935074266,0.40980748925443716,169416.30500423926
SWP0002,21.75,FLOAT,413404.6093507537,0.40644694841580437,168027.04193164155
SWP0002,22.0,FIXED,1020923.0,0.4031139649913825,411548.31848089723
SWP0002,22.0,FLOAT,413404.60935074266,0.4031139649913825,166649.17122109144
SWP0002,22.25,FLOAT,402226.71353836724,0.3998969800307488,160849.24803168618
SWP0002,22.5,FIXED,1020923.0,0.3967056676915962,405005.94037670747
SWP0002,22.5,FLOAT,402226.7135383561,0.3967056676915962,159565.61695762997
SWP0002,22.75,FLOAT,402226.71353836724,0.39353982309777447,158292.22969108826
SWP0002,23.0,FIXED,1020923.0,0.3903992430081141,398567.5663695729
SWP0002,23.0,FLOAT,402226.7135383561,0.3903992430081141,157029.0044830158
SWP0002,23.25,FLOAT,390914.3395302461,0.3873706680311782,151428.74884679823
SWP0002,23.5,FIXED,1020923.0,0.3843655876346114,392407.6688246904
SWP0002,23.5,FLOAT,390914.3395302461,0.3843655876346114,150254.01982833905
SWP0002,23.75,FLOAT,390914.3395302461,0.38138381955602607,149088.4039292665
SWP0002,24.0,FIXED,1020923.0,0.3784251829469596,386342.9730497588
SWP0002,24.0,FLOAT,390914.3395302461,0.3784251829469596,147931.83045332326
SWP0002,24.25,FLOAT,379477.4363688802,0.3755747401557752,142522.1395592219
SWP0002,24.5,FIXED,1020923.0,0.3727457679867162,380544.7276903023
SWP0002,24.5,FLOAT,379477.4363688802,0.3727457679867162,141448.60845294848
SWP0002,24.75,FLOAT,379477.4363688691,0.36993810471486904,140383.16359235675
SWP0002,25.0,FIXED,1020923.0,0.3671515898334936,374833.5025475798
SWP0002,25.0,FLOAT,379477.4363688802,0.3671515898334936,139325.74406877276
SWP0002,25.25,FLOAT,367927.06436277187,0.3644696250496155,134098.2391939052
SWP0002,25.5,FIXED,1020923.0,0.3618072514517791,369377.3445739047
SWP0002,25.5,FLOAT,367927.064362783,0.3618072514517791,133118.67989182033
SWP0002,25.75,FLOAT,367927.064362783,0.3591643259305101,132146.27606345035
SWP0002,26.0,FIXED,1020923.0,0.3565407064217187,364000.6076221803
SWP0002,26.0,FLOAT,367927.06436277187,0.3565407064217187,131180.97543957183
SWP0002,26.25,FLOAT,356275.2967348981,0.3540181480071033,126127.92073076981
SWP0002,26.5,FIXED,1020923.0,0.3515134369261598,358868.1525669658
SWP0002,26.5,FLOAT,356275.29673490924,0.3515134369261598,125235.55404717538
SWP0002,26.75,FLOAT,356275.2967348981,0.3490264469073549,124349.50094024504
SWP0002,27.0,FIXED,1020923.0,0.3465570525725378,353808.065783513
SWP0002,27.0,FLOAT,356275.2967348981,0.3465570525725378,123469.7167408526
SWP0002,27.25,FLOAT,344535.11816228135,0.3441853736052416,118583.94836481086
SWP0002,27.5,FIXED,1020923.0,0.3418299253309355,348982.03285863466
SWP0002,27.5,FLOAT,344535.1181623035,0.3418299253309355,117772.41371530524
SWP0002,27.75,FLOAT,344535.1181623035,0.3394905966741332,116966.43284011341
SWP0002,28.0,FIXED,1020923.0,0.33716727731949864,344221.8282628545
SWP0002,28.0,FLOAT,344535.11816228135,0.33716727731949864,116165.96773172815
SWP0002,28.25,FLOAT,332720.319893065,0.3349384606838343,111440.83178321614
SWP0002,28.5,FIXED,1020923.0,0.332724377457755,339685.9696073036
SWP0002,28.5,FLOAT,332720.319893065,0.332724377457755,110704.16130396516
SWP0002,28.75,FLOAT,332720.319893065,0.3305249302472649,109972.36052450299
SWP0002,29.0,FIXED,1020923.0,0.3283400223021834,335209.880588812
SWP0002,29.0,FLOAT,332720.31989305397,0.3283400223021834,109245.39725407494
SWP0002,29.25,FLOAT,320845.3914159137,0.32624652840013096,104674.69510262302
SWP0002,29.5,FIXED,1020923.0,0.3241663826019349,330948.9158251152
SWP0002,29.5,FLOAT,320845.3914159248,0.3241663826019349,104007.28990980225
SWP0002,29.75,FLOAT,320845.3914159248,0.3220994998001697,103344.14008825905
SWP0002,30.0,FIXED,1020923.0,0.3200457954300543,326742.1136078373
SWP0002,30.0,FLOAT,320845.39141590265,0.3200457954300543,102685.21850576968
SWP0002,30.25,FLOAT,476965.25303077,0.3170216293964284,151208.30168129448
SWP0002,30.43611111111111,FIXED,1020923.0,0.3147888756717252,321375.2033174047
SWP0002,30.43611111111111,FLOAT,354643.0476519813,0.3147888756717252,111637.68623516125
SWP0003,0.25,FLOAT,315624.99999999924,0.9872886585215352,311612.9828458588
SWP0003,0.5,FIXED,512496.125,0.9753718605218239,499874.29895147524
SWP0003,0.5,FLOAT,299192.4287301016,0.9753718605218239,291823.8758645224
SWP0003,0.75,FLOAT,288799.9878078494,0.9639947944281101,278401.6848776685
SWP0003,1.0,FIXED,512496.125,0.9521189937160147,487957.29481835687
SWP0003,1.0,FLOAT,305575.53836431314,0.9521189937160147,290944.2740916593
SWP0003,1.25,FLOAT,297658.25402755727,0.9406837316963362,280002.27716885856
SWP0003,1.5,FIXED,512496.125,0.9293858109316078,476306.62673243164
SWP0003,1.5,FLOAT,297658.25402755727,0.9293858109316078,276639.35779988783
SWP0003,1.75,FLOAT,297658.25402755727,0.9182235819082214,273316.8281977309
SWP0003,2.0,FIXED,512496.125,0.9071954149237699,464934.1347661992
SWP0003,2.0,FLOAT,297658.25402755727,0.9071954149237699,270034.2032680147
SWP0003,2.25,FLOAT,293095.2052839685,0.8964613585476264,262748.52591266186
SWP0003,2.5,FIXED,512496.125,0.8858543089490646,453996.9006509484
SWP0003,2.5,FLOAT,293095.2052839685,0.8858543089490646,259639.65053311412
SWP0003,2.75,FLOAT,293095.2052839685,0.8753727633670603,256567.5597790633
SWP0003,3.0,FIXED,512496.125,0.8650152368214571,443316.95693695405
SWP0003,3.0,FLOAT,293095.2052839685,0.8650152368214571,253531.81840994558
SWP0003,3.25,FLOAT,288580.94988839165,0.8549328107145087,246717.32260674544
SWP0003,3.5,FIXED,512496.125,0.8449679031342576,433042.77610568237
SWP0003,3.5,FLOAT,288580.94988839165,0.8449679031342576,243841.64011168657
SWP0003,3.75,FLOAT,288580.94988839165,0.8351191443107725,240999.47593518355
SWP0003,4.0,FIXED,512496.125,0.8253851804398571,423006.70660785254
SWP0003,4.0,FLOAT,288580.94988839165,0.8253851804398571,238190.4393951355
SWP0003,4.25,FLOAT,284092.64319134917,0.8159094482079573,231793.8717461938
SWP0003,4.5,FIXED,512496.125,0.8065425009451345,413349.90638219024
SWP0003,4.5,FLOAT,284092.64319134917,0.8065425009451345,229132.7909396645
SWP0003,4.75,FLOAT,284092.6431913547,0.7972830897590382,226502.26034141524
SWP0003,5.0,FIXED,512496.125,0.7881299800950722,403913.5607950516
SWP0003,5.0,FLOAT,284092.64319134917,0.7881299800950722,223901.92922355447
SWP0003,5.25,FLOAT,279610.47489996266,0.7792200515357292,217878.0886614786
SWP0003,5.5,FIXED,512496.125,0.7704108510655816,394832.57582906267
SWP0003,5.5,FLOAT,279610.47489995713,0.7704108510655816,215414.94393452743
SWP0003,5.75,FLOAT,279610.47489996266,0.7617012399383549,212979.64543105382
SWP0003,6.0,FIXED,512496.125,0.7530900922814734,385955.7540701475
SWP0003,6.0,FLOAT,279610.47489996266,0.7530900922814734,210571.8783452795
SWP0003,6.25,FLOAT,275117.3316012344,0.7447086251344928,204882.2497674256
SWP0003,6.5,FIXED,512496.125,0.7364204389803919,377412.6213482498
SWP0003,6.5,FLOAT,275117.3316012344,0.7364204389803919,202602.02610889508
SWP0003,6.75,FLOAT,275117.33160122886,0.7282244956544343,200347.18005109864
SWP0003,7.0,FIXED,512496.125,0.7201197685460701,369058.5909157578
SWP0003,7.0,FLOAT,275117.3316012344,0.7201197685460701,198117.4291556933
SWP0003,7.25,FLOAT,270598.5027535406,0.7122325479654076,192729.06109177857
SWP0003,7.5,FIXED,512496.125,0.7044317133599748,361018.5234240978
SWP0003,7.5,FLOAT,270598.5027535406,0.7044317133599748,190618.16692732045
SWP0003,7.75,FLOAT,270598.5027535406,0.6967163185743244,188530.39265017098
SWP0003,8.0,FIXED,512496.125,0.6890854278159195,353153.611549626
SWP0003,8.0,FLOAT,270598.5027535406,0.6890854278159195,186465.48503627078
SWP0003,8.25,FLOAT,266041.42547939846,0.6816610098928219,181350.06676561266
SWP0003,8.5,FIXED,512496.125,0.6743165849274501,345584.63679855154
SWP0003,8.5,FLOAT,266041.42547939846,0.6743165849274501,179396.14547849866
SWP0003,8.75,FLOAT,266041.42547939846,0.6670512910511227,177463.2763391138
SWP0003,9.0,FIXED,512496.125,0.6598642756811962,338177.8843125448
SWP0003,9.0,FLOAT,266041.42547939846,0.6598642756811962,175551.2325251562
SWP0003,9.25,FLOAT,261435.46374674738,0.652873683887616,170684.33431520624
SWP0003,9.5,FIXED,512496.125,0.6459571503139235,331050.5364519283
SWP0003,9.5,FLOAT,261435.46374675294,0.6459571503139235,168876.1071528516
SWP0003,9.75,FLOAT,261435.46374674738,0.6391138903884982,167087.0363207049
SWP0003,10.0,FIXED,512496.125,0.6323431278514587,324073.4026942522
SWP0003,10.0,FLOAT,261435.46374674738,0.6323431278514587,165316.9188769149
SWP0003,10.25,FLOAT,256771.71781393824,0.6257595933244686,160677.3657164752
SWP0003,10.5,FIXED,512496.125,0.6192446021641399,317360.4590362883
SWP0003,10.5,FLOAT,256771.7178139327,0.6192446021641399,159004.50024469153
SWP0003,10.75,FLOAT,256771.71781393824,0.6127974407426948,157349.05153148677
SWP0003,11.0,FIXED,512496.125,0.6064174028621718,310786.56909942697
SWP0003,11.0,FLOAT,256771.71781393824,0.6064174028621718,155710.8382451869
SWP0003,11.25,FLOAT,252042.86011457286,0.6002161411111901,151280.19289259642
SWP0003,11.5,FIXED,512496.125,0.5940782938452195,304462.82354228635
SWP0003,11.5,FLOAT,252042.86011457286,0.5940782938452195,149733.19231273475
SWP0003,11.75,FLOAT,252042.86011457286,0.5880032125838262,148202.01145618473
SWP0003,12.0,FIXED,512496.125,0.5819902554779774,298267.75072022347
SWP0003,12.0,FLOAT,252042.86011457286,0.5819902554779774,146686.4885494804
SWP0003,12.25,FLOAT,247242.99406153825,0.576148273443633,142448.62414958965
SWP0003,12.5,FIXED,512496.125,0.5703649328620765,292309.81792769936
SWP0003,12.5,FLOAT,247242.9940615327,0.5703649328620765,141018.73370852487
SWP0003,12.75,FLOAT,247242.9940615327,0.5646396450940472,139603.19641889344
SWP0003,13.0,FIXED,512496.125,0.5589718274090089,286470.89553128585
SWP0003,13.0,FLOAT,247242.99406153825,0.5589718274090089,138201.86820465277
SWP0003,13.25,FLOAT,242367.53254344364,0.5534677558964753,134142.6143389857
SWP0003,13.5,FIXED,512496.125,0.5480178817544168,280857.0408298468
SWP0003,13.5,FLOAT,242367.5325434381,0.5480178817544168,132821.74179049963
SWP0003,13.75,FLOAT,242367.53254344364,0.5426216713133557,131513.87558081752
SWP0003,14.0,FIXED,512496.125,0.5372785961587402,275353.19857679424
SWP0003,14.0,FLOAT,242367.5325434381,0.5372785961587402,130218.8876393962
SWP0003,14.25,FLOAT,237413.09316876665,0.5320925435581239,126325.73661817088
SWP0003,14.5,FIXED,512496.125,0.5269565490498428,270063.18943141686
SWP0003,14.5,FLOAT,237413.0931687722,0.5269565490498428,125106.38427546501
SWP0003,14.75,FLOAT,237413.09316876665,0.5218701294508675,123898.80166531513
SWP0003,15.0,FIXED,512496.125,0.5168328062420661,264874.8104719347
SWP0003,15.0,FLOAT,237413.09316876665,0.5168328062420661,122702.87518102275
SWP0003,15.25,FLOAT,232377.40758054945,0.5119462301729933,118964.73778823546
SWP0003,15.5,FIXED,512496.125,0.5071058559420981,259889.7861351335
SWP0003,15.5,FLOAT,232377.407580555,0.5071058559420981,117839.94417274314
SWP0003,15.75,FLOAT,232377.407580555,0.5023112467179833,116725.78531088153
SWP0003,16.0,FIXED,512496.125,0.4975619697994269,254998.5814695733
SWP0003,16.0,FLOAT,232377.407580555,0.4975619697994269,115622.16065266523
SWP0003,16.25,FLOAT,227259.24241504754,0.4929575639077919,112029.16251645217
SWP0003,16.5,FIXED,512496.125,0.4883957668868135,250300.93799589525
SWP0003,16.5,FLOAT,227259.2424150531,0.4883957668868135,110992.45198141612
SWP0003,16.75,FLOAT,227259.24241504754,0.48387618443679276,109965.33509778934
SWP0003,17.0,FIXED,512496.125,0.4793984259068537,245689.83560836213
SWP0003,17.0,FLOAT,227259.24241504754,0.4793984259068537,108947.72308655787
SWP0003,17.25,FLOAT,222058.32971557634,0.47506001952396704,105491.0344501412
SWP0003,17.5,FIXED,512496.125,0.47076087436707936,241263.12391474
SWP0003,17.5,FLOAT,222058.32971557634,0.47076087436707936,104536.37345739792
SWP0003,17.75,FLOAT,222058.3297155819,0.4665006351343283,103590.35184918705
SWP0003,18.0,FIXED,512496.125,0.46227894973922296,236916.17041042153
SWP0003,18.0,FLOAT,222058.3297155819,0.46227894973922296,102652.89144176528
SWP0003,18.25,FLOAT,216775.3048360664,0.4581914185077842,99324.5844202946
SWP0003,18.5,FIXED,512496.125,0.4541400297647227,232745.00546180503
SWP0003,18.5,FLOAT,216775.3048360664,0.4541400297647227,98446.34339050803
SWP0003,18.75,FLOAT,216775.30483607197,0.4501244639334058,97575.86788333753
SWP0003,19.0,FIXED,512496.125,0.44614440426293994,228647.2783751902
SWP0003,19.0,FLOAT,216775.3048360664,0.44614440426293994,96713.08923500405
SWP0003,19.25,FLOAT,211411.65008018646,0.4422935901568032,93506.01771493947
SWP0003,19.5,FIXED,512496.125,0.43847601365073124,224717.25790144686
SWP0003,19.5,FLOAT,211411.6500801809,0.43847601365073124,92698.93756648102
SWP0003,19.75,FLOAT,211411.6500801809,0.4346913878604374,91898.82358321898
SWP0003,20.0,FIXED,512496.125,0.43093942837782423,220854.78715334996
SWP0003,20.0,FLOAT,211411.65008018646,0.43093942837782423,91105.61563796815
SWP0003,20.25,FLOAT,205969.6425255296,0.42731206780675246,88013.31385300167
SWP0003,20.5,FIXED,512496.125,0.42371523993667337,217152.41857099035
SWP0003,20.5,FLOAT,205969.64252552405,0.42371523993667337,87272.47650237326
SWP0003,20.75,FLOAT,205969.6425255296,0.4201486877636822,86537.87502625598
SWP0003,21.0,FIXED,512496.125,0.416612156447162,213512.11580706429
SWP0003,21.0,FLOAT,205969.64252552405,0.416612156447162,85809.45693520966
SWP0003,21.25,FLOAT,200452.3046753713,0.413195815354522,82826.0534700331
SWP0003,21.5,FIXED,512496.125,0.40980748925443716,210024.7502388782
SWP0003,21.5,FLOAT,200452.3046753713,0.40980748925443716,82146.8556942794
SWP0003,21.75,FLOAT,200452.30467537686,0.40644694841580437,81473.227538222
SWP0003,22.0,FIXED,512496.125,0.4031139649913825,206594.3449914692
SWP0003,22.0,FLOAT,200452.3046753713,0.4031139649913825,80805.12332934958
SWP0003,22.25,FLOAT,194863.35676918362,0.3998969800307488,77925.26789065091
SWP0003,22.5,FIXED,512496.125,0.3967056676915962,203310.11745748075
SWP0003,22.5,FLOAT,194863.35676917806,0.3967056676915962,77303.39805574251
SWP0003,22.75,FLOAT,194863.35676918362,0.39353982309777447,76686.49095118303
SWP0003,23.0,FIXED,512496.125,0.3903992430081141,200078.09924459184
SWP0003,23.0,FLOAT,194863.35676917806,0.3903992430081141,76074.50697270718
SWP0003,23.25,FLOAT,189207.16976512305,0.3873706680311782,73293.30774820426
SWP0003,23.5,FIXED,512496.125,0.3843655876346114,196985.87424608628
SWP0003,23.5,FLOAT,189207.16976512305,0.3843655876346114,72724.7249914532
SWP0003,23.75,FLOAT,189207.16976512305,0.38138381955602607,72160.55309240808
SWP0003,24.0,FIXED,512496.125,0.3784251829469596,193941.43986273286
SWP0003,24.0,FLOAT,189207.16976512305,0.3784251829469596,71600.75783324313
SWP0003,24.25,FLOAT,183488.7181844401,0.3755747401557752,68913.72765363735
SWP0003,24.5,FIXED,512496.125,0.3727457679867162,191030.76170334112
SWP0003,24.5,FLOAT,183488.7181844401,0.3727457679867162,68394.64317655726
SWP0003,24.75,FLOAT,183488.71818443455,0.36993810471486904,67879.46864171044
SWP0003,25.0,FIXED,512496.125,0.3671515898334936,188163.76707725486
SWP0003,25.0,FLOAT,183488.7181844401,0.3671515898334936,67368.17459792705
SWP0003,25.25,FLOAT,177713.53218138593,0.3644696250496155,64771.184440392506
SWP0003,25.5,FIXED,512496.125,0.3618072514517791,185424.81436593743
SWP0003,25.5,FLOAT,177713.5321813915,0.3618072514517791,64298.04462433655
SWP0003,25.75,FLOAT,177713.5321813915,0.3591643259305101,63828.360994659495
SWP0003,26.0,FIXED,512496.125,0.3565407064217187,182725.73044589345
SWP0003,26.0,FLOAT,177713.53218138593,0.3565407064217187,63362.10830465018
SWP0003,26.25,FLOAT,171887.64836744906,0.3540181480071033,60851.34694034051
SWP0003,26.5,FIXED,512496.125,0.3515134369261598,180149.2743100888
SWP0003,26.5,FLOAT,171887.6483674546,0.3515134369261598,60420.818042799176
SWP0003,26.75,FLOAT,171887.64836744906,0.3490264469073549,59993.33517695155
SWP0003,27.0,FIXED,512496.125,0.3465570525725378,177609.14653484692
SWP0003,27.0,FLOAT,171887.64836744906,0.3465570525725378,59568.87679184794
SWP0003,27.25,FLOAT,166017.55908114067,0.3441853736052416,57140.815597372675
SWP0003,27.5,FIXED,512496.125,0.3418299253309355,175186.5121411438
SWP0003,27.5,FLOAT,166017.55908115176,0.3418299253309355,56749.769824334275
SWP0003,27.75,FLOAT,166017.55908115176,0.3394905966741332,56361.40019084338
SWP0003,28.0,FIXED,512496.125,0.33716727731949864,172796.92310304343
SWP0003,28.0,FLOAT,166017.55908114067,0.33716727731949864,55975.688382617205
SWP0003,28.25,FLOAT,160110.1599465325,0.3349384606838343,53627.050512334106
SWP0003,28.5,FIXED,512496.125,0.332724377457755,170519.9541401368
SWP0003,28.5,FLOAT,160110.1599465325,0.332724377457755,53272.55329287161
SWP0003,28.75,FLOAT,160110.1599465325,0.3305249302472649,52920.39944820609
SWP0003,29.0,FIXED,512496.125,0.3283400223021834,168272.98911228258
SWP0003,29.0,FLOAT,160110.15994652698,0.3283400223021834,52570.57348764882
SWP0003,29.25,FLOAT,154172.69570795685,0.32624652840013096,50298.3067488107
SWP0003,29.5,FIXED,512496.125,0.3241663826019349,166134.01493875906
SWP0003,29.5,FLOAT,154172.6957079624,0.3241663826019349,49977.605063639036
SWP0003,29.75,FLOAT,154172.6957079624,0.3220994998001697,49658.94817037846
SWP0003,30.0,FIXED,512496.125,0.3200457954300543,164022.22998044553
SWP0003,30.0,FLOAT,154172.6957079513,0.3200457954300543,49342.32303144699
SWP0003,30.25,FLOAT,232232.626515385,0.3170216293964284,73622.76565691955
SWP0003,30.43611111111111,FIXED,512496.125,0.3147888756717252,161328.07897486593
SWP0003,30.43611111111111,FLOAT,171071.52382599065,0.3147888756717252,53851.41264463234
SWP0004,0.25,FLOAT,631249.9999999985,0.9872886585215352,623225.9656917176
SWP0004,0.5027777777777778,FIXED,1222146.25,0.975244713925413,1191891.6699562662
SWP0004,0.5027777777777778,FLOAT,604983.2031462518,0.975244713925413,590006.6708820465
SWP0005,0.25,FLOAT,631249.9999999985,0.9872886585215352,623225.9656917176
SWP0005,0.5027777777777778,FIXED,1241921.25,0.975244713925413,1211177.1341741413
SWP0005,0.5027777777777778,FLOAT,604983.2031462518,0.975244713925413,590006.6708820465
SWP0006,0.25,FLOAT,64374.99999999985,0.9872886585215352,63556.70739232368
SWP0006,0.5,FIXED,109771.325,0.9753718605218239,107067.8614971958
SWP0006,0.5,FLOAT,61088.48574602033,0.9753718605218239,59583.98999855677
SWP0006,0.75,FLOAT,59009.997561569886,0.9639947944281101,56885.33046856884
SWP0006,1.0,FIXED,109771.325,0.9521189937160147,104515.36349787361
SWP0006,1.0,FLOAT,62365.10767286263,0.9521189937160147,59379.00356047687
SWP0006,1.25,FLOAT,60781.650805511454,0.9406837316963362,57176.31009839213
SWP0006,1.5,FIXED,109771.325,0.9293858109316078,102019.91190216207
SWP0006,1.5,FLOAT,60781.650805511454,0.9293858109316078,56489.60382364207
SWP0006,1.75,FLOAT,60781.650805511454,0.9182235819082214,55811.14511693146
SWP0006,2.0,FIXED,109771.325,0.9071954149237699,99584.04273010699
SWP0006,2.0,FLOAT,60781.650805511454,0.9071954149237699,55140.83492225766
SWP0006,2.25,FLOAT,59869.04105679369,0.8964613585476264,53670.281880716895
SWP0006,2.5,FIXED,109771.325,0.8858543089490646,97241.40125029818
SWP0006,2.5,FLOAT,59869.04105679369,0.8858543089490646,53035.24799280915
SWP0006,2.75,FLOAT,59869.04105679369,0.8753727633670603,52407.72791002148
SWP0006,3.0,FIXED,109771.325,0.8650152368214571,94953.86869108013
SWP0006,3.0,FLOAT,59869.04105679369,0.8650152368214571,51787.63272801593
SWP0006,3.25,FLOAT,58966.18997767833,0.8549328107145087,50412.130534742224
SWP0006,3.5,FIXED,109771.325,0.8449679031342576,92753.2463095191
SWP0006,3.5,FLOAT,58966.18997767833,0.8449679031342576,49824.537901255135
SWP0006,3.75,FLOAT,58966.18997767833,0.8351191443107725,49243.794117425176
SWP0006,4.0,FIXED,109771.325,0.8253851804398571,90603.6248922472
SWP0006,4.0,FLOAT,58966.18997767833,0.8253851804398571,48669.819354576925
SWP0006,4.25,FLOAT,58068.52863826983,0.8159094482079573,47378.661159498704
SWP0006,4.5,FIXED,109771.325,0.8065425009451345,88535.23899756116
SWP0006,4.5,FLOAT,58068.52863826983,0.8065425009451345,46834.736314114314
SWP0006,4.75,FLOAT,58068.528638270946,0.7972830897590382,46297.05593048185
SWP0006,5.0,FIXED,109771.325,0.7881299800950722,86514.07218725969
SWP0006,5.0,FLOAT,58068.52863826983,0.7881299800950722,45765.54831982973
SWP0006,5.25,FLOAT,57172.09497999254,0.7792200515357292,44549.64279671539
SWP0006,5.5,FIXED,109771.325,0.7704108510655816,84569.01991584655
SWP0006,5.5,FLOAT,57172.09497999143,0.7704108510655816,44046.002350737464
SWP0006,5.75,FLOAT,57172.09497999254,0.7617012399383549,43548.055636133715
SWP0006,6.0,FIXED,109771.325,0.7530900922814734,82667.69727410961
SWP0006,6.0,FLOAT,57172.09497999254,0.7530900922814734,43055.738284407744
SWP0006,6.25,FLOAT,56273.46632024688,0.7447086251344928,41907.33573490324
SWP0006,6.5,FIXED,109771.325,0.7364204389803919,80837.84734395926
SWP0006,6.5,FLOAT,56273.46632024688,0.7364204389803919,41440.93077050451
SWP0006,6.75,FLOAT,56273.46632024577,0.7282244956544343,40979.71662978776
SWP0006,7.102777777777778,FIXED,109771.325,0.7168667264678947,78691.41041279337
SWP0006,7.102777777777778,FLOAT,79218.13614157336,0.7168667264678947,56788.84593269771
SWP0007,0.25,FLOAT,64999.99999999985,0.9872886585215352,64173.76280389964
SWP0007,0.5027777777777778,FIXED,124178.27500000001,0.975244713925413,121104.20627812628
SWP0007,0.5027777777777778,FLOAT,62373.32031462518,0.975244713925413,60829.25092681479
SWP0008,0.25,FLOAT,643749.9999999985,0.9872886585215352,635567.0739232368
SWP0008,0.5,FIXED,1052699.0,0.9753718605218239,1026772.9821994635
SWP0008,0.5,FLOAT,610884.8574602032,0.9753718605218239,595839.8999855677
SWP0008,0.75,FLOAT,590099.9756156988,0.9639947944281101,568853.3046856883
SWP0008,1.0,FIXED,1052699.0,0.9521189937160147,1002294.712565855
SWP0008,1.0,FLOAT,623651.0767286263,0.9521189937160147,593790.0356047688
SWP0008,1.25,FLOAT,607816.5080551145,0.9406837316963362,571763.1009839213
SWP0008,1.5,FIXED,1052699.0,0.9293858109316078,978363.5137818926
SWP0008,1.5,FLOAT,607816.5080551145,0.9293858109316078,564896.0382364207
SWP0008,1.75,FLOAT,607816.5080551145,0.9182235819082214,558111.4511693146
SWP0008,2.0,FIXED,1052699.0,0.9071954149237699,955003.7060948376
SWP0008,2.0,FLOAT,607816.5080551145,0.9071954149237699,551408.3492225766
SWP0008,2.25,FLOAT,598690.410567937,0.8964613585476264,536702.818807169
SWP0008,2.5,FIXED,1052699.0,0.8858543089490646,932537.9451763714
SWP0008,2.5,FLOAT,598690.410567937,0.8858543089490646,530352.4799280915
SWP0008,2.75,FLOAT,598690.410567937,0.8753727633670603,524077.27910021483
SWP0008,3.0,FIXED,1052699.0,0.8650152368214571,910600.6747867111
SWP0008,3.0,FLOAT,598690.410567937,0.8650152368214571,517876.32728015934
SWP0008,3.25,FLOAT,589661.8997767833,0.8549328107145087,504121.30534742225
SWP0008,3.5,FIXED,1052699.0,0.8449679031342576,889496.8666615299
SWP0008,3.5,FLOAT,589661.8997767833,0.8449679031342576,498245.3790125514
SWP0008,3.75,FLOAT,589661.8997767833,0.8351191443107725,492437.9411742518
SWP0008,4.0,FIXED,1052699.0,0.8253851804398571,868882.1540638572
SWP0008,4.0,FLOAT,589661.8997767833,0.8253851804398571,486698.1935457692
SWP0008,4.25,FLOAT,580685.2863826983,0.8159094482079573,473786.61159498704
SWP0008,4.5,FIXED,1052699.0,0.8065425009451345,849046.4842024421
SWP0008,4.5,FLOAT,580685.2863826983,0.8065425009451345,468347.36314114317
SWP0008,4.75,FLOAT,580685.2863827094,0.7972830897590382,462970.55930481845
SWP0008,5.0,FIXED,1052699.0,0.7881299800950722,829663.6419161024
SWP0008,5.0,FLOAT,580685.2863826983,0.7881299800950722,457655.4831982973
SWP0008,5.25,FLOAT,571720.9497999254,0.7792200515357292,445496.4279671539
SWP0008,5.5,FIXED,1052699.0,0.7704108510655816,811010.7325058867
SWP0008,5.5,FLOAT,571720.9497999143,0.7704108510655816,440460.02350737463
SWP0008,5.75,FLOAT,571720.9497999254,0.7617012399383549,435480.5563613372
SWP0008,6.0,FIXED,1052699.0,0.7530900922814734,792777.1870546148
SWP0008,6.0,FLOAT,571720.9497999254,0.7530900922814734,430557.3828440775
SWP0008,6.25,FLOAT,562734.6632024688,0.7447086251344928,419073.35734903236
SWP0008,6.5,FIXED,1052699.0,0.7364204389803919,775229.0596942196
SWP0008,6.5,FLOAT,562734.6632024688,0.7364204389803919,414409.30770504504
SWP0008,6.75,FLOAT,562734.6632024577,0.7282244956544343,409797.1662978777
SWP0008,7.0,FIXED,1052699.0,0.7201197685460701,758069.3602286794
SWP0008,7.0,FLOAT,562734.6632024688,0.7201197685460701,405236.3554182125
SWP0008,7.25,FLOAT,553697.0055070812,0.7122325479654076,394361.02903312474
SWP0008,7.5,FIXED,1052699.0,0.7044317133599748,741554.5602223321
SWP0008,7.5,FLOAT,553697.0055070812,0.7044317133599748,390041.7302716406
SWP0008,7.75,FLOAT,553697.0055070812,0.6967163185743244,385769.739282521
SWP0008,8.0,FIXED,1052699.0,0.6890854278159195,725399.5407763907
SWP0008,8.0,FLOAT,553697.0055070812,0.6890854278159195,381544.5379202406
SWP0008,8.25,FLOAT,544582.8509587969,0.6816610098928219,371220.8961548856
SWP0008,8.5,FIXED,1052699.0,0.6743165849274501,709852.3946365417
SWP0008,8.5,FLOAT,544582.8509587969,0.6743165849274501,367221.2482685905
SWP0008,8.75,FLOAT,544582.8509587969,0.6670512910511227,363264.6938163666
SWP0008,9.0,FIXED,1052699.0,0.6598642756811962,694638.4631453196
SWP0008,9.0,FLOAT,544582.8509587969,0.6598642756811962,359350.76849632734
SWP0008,9.25,FLOAT,535370.9274934948,0.652873683887616,349529.5896790077
SWP0008,9.5,FIXED,1052699.0,0.6459571503139235,679998.446178317
SWP0008,9.5,FLOAT,535370.9274935059,0.6459571503139235,345826.67868462723
SWP0008,9.75,FLOAT,535370.9274934948,0.6391138903884982,342162.9962712661
SWP0008,10.0,FIXED,1052699.0,0.6323431278514587,665666.9783461028
SWP0008,10.0,FLOAT,535370.9274934948,0.6323431278514587,338538.12685197307
SWP0008,10.25,FLOAT,526043.4356278764,0.6257595933244686,329176.72634950624
SWP0008,10.5,FIXED,1052699.0,0.6192446021641399,651878.1734535879
SWP0008,10.5,FLOAT,526043.4356278654,0.6192446021641399,325749.55801643484
SWP0008,10.75,FLOAT,526043.4356278764,0.6127974407426948,322358.0710722572
SWP0008,11.0,FIXED,1052699.0,0.6064174028621718,638374.9935756054
SWP0008,11.0,FLOAT,526043.4356278764,0.6064174028621718,319001.89402615087
SWP0008,11.25,FLOAT,516585.7202291457,0.6002161411111901,310063.0875490827
SWP0008,11.5,FIXED,1052699.0,0.5940782938452195,625385.6258525687
SWP0008,11.5,FLOAT,516585.7202291457,0.5940782938452195,306892.36329853476
SWP0008,11.75,FLOAT,516585.7202291457,0.5880032125838262,303754.0630696673
SWP0008,12.0,FIXED,1052699.0,0.5819902554779774,612660.5599514113
SWP0008,12.0,FLOAT,516585.7202291457,0.5819902554779774,300647.8552924355
SWP0008,12.25,FLOAT,506985.9881230765,0.576148273443633,292099.10171722475
SWP0008,12.5,FIXED,1052699.0,0.5703649328620765,600422.594458975
SWP0008,12.5,FLOAT,506985.9881230654,0.5703649328620765,289167.02907782566
SWP0008,12.75,FLOAT,506985.9881230654,0.5646396450940472,286264.38840146246
SWP0008,13.0,FIXED,1052699.0,0.5589718274090089,588429.0837416362
SWP0008,13.0,FLOAT,506985.9881230765,0.5589718274090089,283390.8842519181
SWP0008,13.25,FLOAT,497235.06508688733,0.5534677558964753,275203.57562667737
SWP0008,13.5,FIXED,1052699.0,0.5480178817544168,576897.8761049928
SWP0008,13.5,FLOAT,497235.0650868762,0.5480178817544168,272493.7071029295
SWP0008,13.75,FLOAT,497235.06508688733,0.5426216713133557,269810.52205305203
SWP0008,14.0,FIXED,1052699.0,0.5372785961587402,565592.6408977096
SWP0008,14.0,FLOAT,497235.0650868762,0.5372785961587402,267153.7577307767
SWP0008,14.25,FLOAT,487326.18633753335,0.5320925435581239,259302.63003081834
SWP0008,14.5,FIXED,1052699.0,0.5269565490498428,554726.6322282205
SWP0008,14.5,FLOAT,487326.1863375444,0.5269565490498428,256799.72541405304
SWP0008,14.75,FLOAT,487326.18633753335,0.5218701294508675,254320.97994876612
SWP0008,15.0,FLOAT,487326.18633753335,0.5168328062420661,251866.16044007137
SWP0008,15.219444444444445,FIXED,1052699.0,0.5125409911916284,539551.3888864361
SWP0008,15.219444444444445,FLOAT,418680.1762391168,0.5125409911916284,214590.75252188262
SWP0009,0.25,FLOAT,126249.9999999997,0.9872886585215352,124645.19313834353
SWP0009,0.5,FIXED,229488.2,0.9753718605218239,223836.33260180443
SWP0009,0.5,FLOAT,119676.97149204065,0.9753718605218239,116729.55034580897
SWP0009,0.75,FLOAT,115519.99512313976,0.9639947944281101,111360.6739510674
SWP0009,1.0,FIXED,229488.2,0.9521189937160147,218500.07405369953
SWP0009,1.0,FLOAT,122230.21534572526,0.9521189937160147,116377.70963666371
SWP0009,1.25,FLOAT,119063.30161102291,0.9406837316963362,112000.91086754343
SWP0009,1.5,FIXED,229488.2,0.9293858109316078,213283.076856235
SWP0009,1.5,FLOAT,119063.30161102291,0.9293858109316078,110655.74311995512
SWP0009,1.75,FLOAT,119063.30161102291,0.9182235819082214,109326.73127909236
SWP0009,2.0,FIXED,229488.2,0.9071954149237699,208190.64281910908
SWP0009,2.0,FLOAT,119063.30161102291,0.9071954149237699,108013.68130720589
SWP0009,2.25,FLOAT,117238.08211358738,0.8964613585476264,105099.41036506473
SWP0009,2.5,FIXED,229488.2,0.8858543089490646,203293.11082296472
SWP0009,2.5,FLOAT,117238.08211358738,0.8858543089490646,103855.86021324564
SWP0009,2.75,FLOAT,117238.08211358738,0.8753727633670603,102627.0239116253
SWP0009,3.0444444444444443,FIXED,229488.2,0.8632141551920939,198097.4626895543
SWP0009,3.0444444444444443,FLOAT,138352.74322523933,0.8632141551920939,119428.04636168366
SWP0010,0.25,FLOAT,324999.99999999924,0.9872886585215352,320868.8140194982
SWP0010,0.5,FIXED,528063.875,0.9753718605218239,515058.64423311385
SWP0010,0.5,FLOAT,308567.4287301016,0.9753718605218239,300967.9870569145
SWP0010,0.75,FLOAT,298174.9878078494,0.9639947944281101,287439.13607543206
SWP0010,1.0,FIXED,528063.875,0.9521189937160147,502779.64528277935
SWP0010,1.0,FLOAT,314950.53836431314,0.9521189937160147,299870.3896577469
SWP0010,1.25,FLOAT,307033.25402755727,0.9406837316963362,288821.18715351174
SWP0010,1.5,FIXED,528063.875,0.9293858109316078,490775.07269056217
SWP0010,1.5,FLOAT,307033.25402755727,0.9293858109316078,285352.3497773716
SWP0010,1.75,FLOAT,307033.25402755727,0.9182235819082214,281925.17427812045
SWP0010,2.0,FIXED,528063.875,0.9071954149237699,479057.12618687877
SWP0010,2.0,FLOAT,307033.25402755727,0.9071954149237699,278539.16028292506
SWP0010,2.25,FLOAT,302470.2052839685,0.8964613585476264,271152.85114904586
SWP0010,2.5,FIXED,528063.875,0.8858543089490646,467787.6590690902
SWP0010,2.5,FLOAT,302470.2052839685,0.8858543089490646,267944.5346795116
SWP0010,2.75,FLOAT,302470.2052839685,0.8753727633670603,264774.17943562946
SWP0010,3.0,FIXED,528063.875,0.8650152368214571,456783.2978899813
SWP0010,3.0,FLOAT,302470.2052839685,0.8650152368214571,261641.33625514674
SWP0010,3.25,FLOAT,297955.94988839165,0.8549328107145087,254732.31770719396
SWP0010,3.5,FIXED,528063.875,0.8449679031342576,446197.02517970075
SWP0010,3.5,FLOAT,297955.94988839165,0.8449679031342576,251763.21420357024
SWP0010,3.75,FLOAT,297955.94988839165,0.8351191443107725,248828.71791309706
SWP0010,4.0,FIXED,528063.875,0.8253851804398571,435856.09675064514
SWP0010,4.0,FLOAT,297955.94988839165,0.8253851804398571,245928.42546175915
SWP0010,4.25,FLOAT,293467.64319134917,0.8159094482079573,239443.0228231434
SWP0010,4.5,FIXED,528063.875,0.8065425009451345,425905.9584012789
SWP0010,4.5,FLOAT,293467.64319134917,0.8065425009451345,236694.12688602513
SWP0010,4.75,FLOAT,293467.6431913547,0.7972830897590382,233976.78930790623
SWP0010,5.0,FIXED,528063.875,0.7881299800950722,416182.9712926767
SWP0010,5.0,FLOAT,293467.64319134917,0.7881299800950722,231290.64778694577
SWP0010,5.25,FLOAT,288985.4748999627,0.7792200515357292,225183.2766446261
SWP0010,5.5,FIXED,528063.875,0.7704108510655816,406826.1393557389
SWP0010,5.5,FLOAT,288985.47489995713,0.7704108510655816,222637.54566326726
SWP0010,5.75,FLOAT,288985.4748999627,0.7617012399383549,220120.59455547595
SWP0010,6.0,FIXED,528063.875,0.7530900922814734,397679.67235426244
SWP0010,6.0,FLOAT,288985.4748999627,0.7530900922814734,217632.09796041832
SWP0010,6.25,FLOAT,284492.3316012344,0.7447086251344928,211863.89312806146
SWP0010,6.5,FIXED,528063.875,0.7364204389803919,388877.0306371868
SWP0010,6.5,FLOAT,284492.3316012344,0.7364204389803919,209505.96772433625
SWP0010,6.75,FLOAT,284492.33160122886,0.7282244956544343,207174.28469785897
SWP0010,7.0,FIXED,528063.875,0.7201197685460701,380269.2354425409
SWP0010,7.0,FLOAT,284492.3316012344,0.7201197685460701,204868.55198581272
SWP0010,7.25,FLOAT,279973.5027535406,0.7122325479654076,199406.24122895426
SWP0010,7.5,FIXED,528063.875,0.7044317133599748,371984.9402297576
SWP0010,7.5,FLOAT,279973.5027535406,0.7044317133599748,197222.2142400702
SWP0010,7.75,FLOAT,279973.5027535406,0.6967163185743244,195062.10813680527
SWP0010,8.0,FIXED,528063.875,0.6890854278159195,363881.12121850724
SWP0010,8.0,FLOAT,279973.5027535406,0.6890854278159195,192925.66092204503
SWP0010,8.25,FLOAT,275416.42547939846,0.6816610098928219,187740.63873335786
SWP0010,8.5,FIXED,528063.875,0.6743165849274501,356082.22881355585
SWP0010,8.5,FLOAT,275416.42547939846,0.6743165849274501,185717.86346219352
SWP0010,8.75,FLOAT,275416.42547939846,0.6670512910511227,183716.88219271807
SWP0010,9.0,FIXED,528063.875,0.6598642756811962,348450.4863902807
SWP0010,9.0,FLOAT,275416.42547939846,0.6598642756811962,181737.46010966742
SWP0010,9.25,FLOAT,270810.4637467474,0.652873683887616,176805.02510165266
SWP0010,9.5,FIXED,528063.875,0.6459571503139235,341106.63587872795
SWP0010,9.5,FLOAT,270810.46374675294,0.6459571503139235,174931.95543704464
SWP0010,9.75,FLOAT,270810.4637467474,0.6391138903884982,173078.7290430971
SWP0010,10.0,FIXED,528063.875,0.6323431278514587,333917.56242286175
SWP0010,10.0,FLOAT,270810.4637467474,0.6323431278514587,171245.13570052234
SWP0010,10.25,FLOAT,266146.7178139382,0.6257595933244686,166543.86190389207
SWP0010,10.5,FIXED,528063.875,0.6192446021641399,327000.7041916291
SWP0010,10.5,FLOAT,266146.7178139327,0.6192446021641399,164809.91838998036
SWP0010,10.75,FLOAT,266146.7178139382,0.6127974407426948,163094.02753844953
SWP0010,11.0,FIXED,528063.875,0.6064174028621718,320227.12362283457
SWP0010,11.0,FLOAT,266146.7178139382,0.6064174028621718,161396.00139701975
SWP0010,11.25,FLOAT,261417.86011457286,0.6002161411111901,156907.21921551382
SWP0010,11.5,FIXED,528063.875,0.5940782938452195,313711.28590129525
SWP0010,11.5,FLOAT,261417.86011457286,0.5940782938452195,155302.6763175337
SWP0010,11.75,FLOAT,261417.86011457286,0.5880032125838262,153714.54157415812
SWP0010,12.0,FIXED,528063.875,0.5819902554779774,307328.0295199407
SWP0010,12.0,FLOAT,261417.86011457286,0.5819902554779774,152142.64719458643
SWP0010,12.25,FLOAT,256617.99406153825,0.576148273443633,147850.0142131237
SWP0010,12.5,FIXED,528063.875,0.5703649328620765,301189.11661126296
SWP0010,12.5,FLOAT,256617.9940615327,0.5703649328620765,146365.90495410684
SWP0010,12.75,FLOAT,256617.9940615327,0.5646396450940472,144896.69309165012
SWP0010,13.0,FIXED,528063.875,0.5589718274090089,295172.82919743244
SWP0010,13.0,FLOAT,256617.99406153825,0.5589718274090089,143442.2290866122
SWP0010,13.25,FLOAT,251742.53254344367,0.5534677558964753,139331.37455051517
SWP0010,13.5,FIXED,528063.875,0.5480178817544168,289388.4462085291
SWP0010,13.5,FLOAT,251742.5325434381,0.5480178817544168,137959.40943194728
SWP0010,13.75,FLOAT,251742.53254344367,0.5426216713133557,136600.95374938025
SWP0010,14.0,FIXED,528063.875,0.5372785961587402,283717.4174421445
SWP0010,14.0,FLOAT,251742.5325434381,0.5372785961587402,135255.8744783844
SWP0010,14.25,FLOAT,246788.09316876667,0.5320925435581239,131314.1042140283
SWP0010,14.5,FIXED,528063.875,0.5269565490498428,278266.7172478876
SWP0010,14.5,FLOAT,246788.0931687722,0.5269565490498428,130046.60192280728
SWP0010,14.75,FLOAT,246788.09316876667,0.5218701294508675,128791.33412891702
SWP0010,15.0,FLOAT,246788.09316876667,0.5168328062420661,127548.18273954213
SWP0010,15.219444444444445,FIXED,528063.875,0.5125409911916284,270654.38190499216
SWP0010,15.219444444444445,FLOAT,212465.0881195584,0.5125409911916284,108897.06685841514
SWP0011,0.25,FLOAT,129999.9999999997,0.9872886585215352,128347.52560779928
SWP0011,0.5,FIXED,228709.45,0.9753718605218239,223076.76176542306
SWP0011,0.5,FLOAT,123426.97149204065,0.9753718605218239,120387.19482276581
SWP0011,0.75,FLOAT,119269.99512313977,0.9639947944281101,114975.65443017281
SWP0011,1.0,FIXED,228709.45,0.9521189937160147,217758.6113873432
SWP0011,1.0,FLOAT,125980.21534572526,0.9521189937160147,119948.15586309877
SWP0011,1.25,FLOAT,122813.30161102291,0.9406837316963362,115528.47486140468
SWP0011,1.5,FIXED,228709.45,0.9293858109316078,212559.317655972
SWP0011,1.5,FLOAT,122813.30161102291,0.9293858109316078,114140.93991094865
SWP0011,1.75,FLOAT,122813.30161102291,0.9182235819082214,112770.06971124819
SWP0011,2.0,FIXED,228709.45,0.9071954149237699,207484.1643897372
SWP0011,2.0,FLOAT,122813.30161102291,0.9071954149237699,111415.66411317002
SWP0011,2.25,FLOAT,120988.08211358738,0.8964613585476264,108461.14045961833
SWP0011,2.5,FIXED,228709.45,0.8858543089490646,202603.25177987065
SWP0011,2.5,FLOAT,120988.08211358738,0.8858543089490646,107177.81387180464
SWP0011,2.75,FLOAT,120988.08211358738,0.8753727633670603,105909.6717742518
SWP0011,3.0444444444444443,FIXED,228709.45,0.8632141551920939,197425.23466619843
SWP0011,3.0444444444444443,FLOAT,142102.74322523933,0.8632141551920939,122665.09944365402
SWP0012,0.25,FLOAT,65624.99999999985,0.9872886585215352,64790.81821547561
SWP0012,0.5,FIXED,116409.475,0.9753718605218239,113542.52621311875
SWP0012,0.5,FLOAT,62338.48574602033,0.9753718605218239,60803.204824209046
SWP0012,0.75,FLOAT,60259.997561569886,0.9639947944281101,58090.32396160398
SWP0012,1.0,FIXED,116409.475,0.9521189937160147,110835.67219600957
SWP0012,1.0,FLOAT,63615.10767286263,0.9521189937160147,60569.15230262189
SWP0012,1.25,FLOAT,62031.650805511454,0.9406837316963362,58352.16476301256
SWP0012,1.5,FIXED,116409.475,0.9293858109316078,108189.31432299773
SWP0012,1.5,FLOAT,62031.650805511454,0.9293858109316078,57651.33608730658
SWP0012,1.75,FLOAT,62031.650805511454,0.9182235819082214,56958.92459431673
SWP0012,2.0,FIXED,116409.475,0.9071954149237699,105606.14197368322
SWP0012,2.0,FLOAT,62031.650805511454,0.9071954149237699,56274.829190912365
SWP0012,2.25,FLOAT,61119.04105679369,0.8964613585476264,54790.85857890143
SWP0012,2.5,FIXED,116409.475,0.8858543089490646,103121.83503124841
SWP0012,2.5,FLOAT,61119.04105679369,0.8858543089490646,54142.56587899548
SWP0012,2.75,FLOAT,61119.04105679369,0.8753727633670603,53501.94386423031
SWP0012,3.0444444444444443,FIXED,116409.475,0.8632141551920939,100486.30661848017
SWP0012,3.0444444444444443,FLOAT,71676.37161261967,0.8632141551920939,61872.05856882207
SWP0013,0.25,FLOAT,328124.99999999924,0.9872886585215352,323954.091077378
SWP0013,0.5,FIXED,613082.125,0.9753718605218239,597983.0529139234
SWP0013,0.5,FLOAT,311692.4287301016,0.9753718605218239,304016.0241210452
SWP0013,0.75,FLOAT,301299.9878078494,0.9639947944281101,290451.6198080199
SWP0013,1.0138888888888888,FIXED,613082.125,0.9514800699946223,583335.4232074518
SWP0013,1.0138888888888888,FLOAT,335072.55835265387,0.9514800699946223,318814.8612746603
SWP0014,0.25,FLOAT,131249.9999999997,0.9872886585215352,129581.63643095121
SWP0014,0.5,FIXED,237220.7,0.9753718605218239,231378.39551328943
SWP0014,0.5,FLOAT,124676.97149204065,0.9753718605218239,121606.40964841809
SWP0014,0.75,FLOAT,120519.99512313977,0.9639947944281101,116180.64792320796
SWP0014,1.0,FIXED,237220.7,0.9521189937160147,225862.33417260862
SWP0014,1.0,FLOAT,127230.21534572526,0.9521189937160147,121138.30460524379
SWP0014,1.25,FLOAT,124063.30161102291,0.9406837316963362,116704.32952602512
SWP0014,1.5,FIXED,237220.7,0.9293858109316078,220469.55263926365
SWP0014,1.5,FLOAT,124063.30161102291,0.9293858109316078,115302.67217461317
SWP0014,1.75,FLOAT,124063.30161102291,0.9182235819082214,113917.84918863347
SWP0014,2.0277777777777777,FIXED,237220.7,0.9059964229253776,214921.10564385413
SWP0014,2.0277777777777777,FLOAT,137458.13750967535,0.9059964229253776,124536.58088575055
SWP0015,0.25,FLOAT,131249.9999999997,0.9872886585215352,129581.63643095121
SWP0015,0.5027777777777778,FIXED,250040.35,0.975244713925413,243850.52960556015
SWP0015,0.5027777777777778,FLOAT,125996.64062925037,0.975244713925413,122877.55774603634
SWP0016,0.25,FLOAT,65624.99999999985,0.9872886585215352,64790.81821547561
SWP0016,0.5,FIXED,111477.25,0.9753718605218239,108731.77273835649
SWP0016,0.5,FLOAT,62338.48574602033,0.9753718605218239,60803.204824209046
SWP0016,0.75,FLOAT,60259.997561569886,0.9639947944281101,58090.32396160398
SWP0016,1.0,FIXED,111477.25,0.9521189937160147,106139.6070922286
SWP0016,1.0,FLOAT,63615.10767286263,0.9521189937160147,60569.15230262189
SWP0016,1.25,FLOAT,62031.650805511454,0.9406837316963362,58352.16476301256
SWP0016,1.5,FIXED,111477.25,0.9293858109316078,103605.37439167558
SWP0016,1.5,FLOAT,62031.650805511454,0.9293858109316078,57651.33608730658
SWP0016,1.75,FLOAT,62031.650805511454,0.9182235819082214,56958.92459431673
SWP0016,2.0,FIXED,111477.25,0.9071954149237699,101131.65006831083
SWP0016,2.0,FLOAT,62031.650805511454,0.9071954149237699,56274.829190912365
SWP0016,2.25,FLOAT,61119.04105679369,0.8964613585476264,54790.85857890143
SWP0016,2.5,FIXED,111477.25,0.8858543089490646,98752.60226229212
SWP0016,2.5,FLOAT,61119.04105679369,0.8858543089490646,54142.56587899548
SWP0016,2.75,FLOAT,61119.04105679369,0.8753727633670603,53501.94386423031
SWP0016,3.0,FIXED,111477.25,0.8650152368214571,96429.51980895478
SWP0016,3.0,FLOAT,61119.04105679369,0.8650152368214571,52868.90177404275
SWP0016,3.25,FLOAT,60216.18997767833,0.8549328107145087,51480.79654813536
SWP0016,3.5,FIXED,111477.25,0.8449679031342576,94194.69817967342
SWP0016,3.5,FLOAT,60216.18997767833,0.8449679031342576,50880.74778017296
SWP0016,3.75,FLOAT,60216.18997767833,0.8351191443107725,50287.69304781364
SWP0016,4.0,FIXED,111477.25,0.8253851804398571,92011.67010618906
SWP0016,4.0,FLOAT,60216.18997767833,0.8253851804398571,49701.55083012675
SWP0016,4.25,FLOAT,59318.52863826983,0.8159094482079573,48398.54796975865
SWP0016,4.5,FIXED,111477.25,0.8065425009451345,89911.14001348599
SWP0016,4.5,FLOAT,59318.52863826983,0.8065425009451345,47842.91444029573
SWP0016,4.75,FLOAT,59318.528638270946,0.7972830897590382,47293.65979268065
SWP0016,5.072222222222222,FIXED,111477.25,0.7855455871117712,87570.4618008557
SWP0016,5.072222222222222,FLOAT,75959.23928439622,0.7855455871117712,59669.445220224545
SWP0017,0.25,FLOAT,65624.99999999985,0.9872886585215352,64790.81821547561
SWP0017,0.5,FIXED,116936.125,0.9753718605218239,114056.20580346257
SWP0017,0.5,FLOAT,62338.48574602033,0.9753718605218239,60803.204824209046
SWP0017,0.75,FLOAT,60259.997561569886,0.9639947944281101,58090.32396160398
SWP0017,1.0,FIXED,116936.125,0.9521189937160147,111337.1056640501
SWP0017,1.0,FLOAT,63615.10767286263,0.9521189937160147,60569.15230262189
SWP0017,1.25,FLOAT,62031.650805511454,0.9406837316963362,58352.16476301256
SWP0017,1.5,FIXED,116936.125,0.9293858109316078,108678.77536032486
SWP0017,1.5,FLOAT,62031.650805511454,0.9293858109316078,57651.33608730658
SWP0017,1.75,FLOAT,62031.650805511454,0.9182235819082214,56958.92459431673
SWP0017,2.0,FIXED,116936.125,0.9071954149237699,106083.91643895282
SWP0017,2.0,FLOAT,62031.650805511454,0.9071954149237699,56274.829190912365
SWP0017,2.25,FLOAT,61119.04105679369,0.8964613585476264,54790.85857890143
SWP0017,2.5,FIXED,116936.125,0.8858543089490646,103588.37020305643
SWP0017,2.5,FLOAT,61119.04105679369,0.8858543089490646,54142.56587899548
SWP0017,2.75,FLOAT,61119.04105679369,0.8753727633670603,53501.94386423031
SWP0017,3.0444444444444443,FIXED,116936.125,0.8632141551920939,100940.9183533121
SWP0017,3.0444444444444443,FLOAT,71676.37161261967,0.8632141551920939,61872.05856882207
SWP0018,0.25,FLOAT,328124.99999999924,0.9872886585215352,323954.091077378
SWP0018,0.5,FIXED,529479.25,0.9753718605218239,516439.16118019994
SWP0018,0.5,FLOAT,311692.4287301016,0.9753718605218239,304016.0241210452
SWP0018,0.75,FLOAT,301299.9878078494,0.9639947944281101,290451.6198080199
SWP0018,1.0,FIXED,529479.25,0.9521189937160147,504127.2507035102
SWP0018,1.0,FLOAT,318075.53836431314,0.9521189937160147,302845.76151310944
SWP0018,1.25,FLOAT,310158.25402755727,0.9406837316963362,291760.82381506276
SWP0018,1.5,FIXED,529479.25,0.9293858109316078,492090.5021327095
SWP0018,1.5,FLOAT,310158.25402755727,0.9293858109316078,288256.6804365329
SWP0018,1.75,FLOAT,310158.25402755727,0.9182235819082214,284794.6229715837
SWP0018,2.0,FIXED,529479.25,0.9071954149237699,480341.1478972765
SWP0018,2.0,FLOAT,310158.25402755727,0.9071954149237699,281374.1459545618
SWP0018,2.25,FLOAT,305595.2052839685,0.8964613585476264,273954.2928945072
SWP0018,2.5,FIXED,529479.25,0.8858543089490646,469041.475111619
SWP0018,2.5,FLOAT,305595.2052839685,0.8858543089490646,270712.8293949774
SWP0018,2.75,FLOAT,305595.2052839685,0.8753727633670603,267509.71932115156
SWP0018,3.0,FIXED,529479.25,0.8650152368214571,458007.6188307975
SWP0018,3.0,FLOAT,305595.2052839685,0.8650152368214571,264344.50887021376
SWP0018,3.25,FLOAT,301080.94988839165,0.8549328107145087,257403.98274067682
SWP0018,3.5,FIXED,529479.25,0.8449679031342576,447392.97162559937
SWP0018,3.5,FLOAT,301080.94988839165,0.8449679031342576,254403.7389008648
SWP0018,3.75,FLOAT,301080.94988839165,0.8351191443107725,251438.4652390682
SWP0018,4.0,FIXED,529479.25,0.8253851804398571,437024.3263004102
SWP0018,4.0,FLOAT,301080.94988839165,0.8253851804398571,248507.75415063373
SWP0018,4.25,FLOAT,296592.64319134917,0.8159094482079573,241992.73984879325
SWP0018,4.5,FIXED,529479.25,0.8065425009451345,427047.5184935541
SWP0018,4.5,FLOAT,296592.64319134917,0.8065425009451345,239214.57220147867
SWP0018,4.75,FLOAT,296592.6431913547,0.7972830897590382,236468.29896340324
SWP0018,5.0,FIXED,529479.25,0.7881299800950722,417298.47076325375
SWP0018,5.0,FLOAT,296592.64319134917,0.7881299800950722,233753.55397474286
SWP0018,5.25,FLOAT,292110.4748999627,0.7792200515357292,227618.33930567527
SWP0018,5.5,FIXED,529479.25,0.7704108510655816,407916.55961406586
SWP0018,5.5,FLOAT,292110.47489995713,0.7704108510655816,225045.0795728472
SWP0018,5.75,FLOAT,292110.4748999627,0.7617012399383549,222500.9109302833
SWP0018,6.0,FIXED,529479.25,0.7530900922814734,398745.5772436253
SWP0018,6.0,FLOAT,292110.4748999627,0.7530900922814734,219985.50449879793
SWP0018,6.25,FLOAT,287617.3316012344,0.7447086251344928,214191.10758160675
SWP0018,6.5,FIXED,529479.25,0.7364204389803919,389919.34171600867
SWP0018,6.5,FLOAT,287617.3316012344,0.7364204389803919,211807.28159614996
SWP0018,6.75,FLOAT,287617.33160122886,0.7282244956544343,209449.98624677907
SWP0018,7.0,FIXED,529479.25,0.7201197685460701,381288.47495994676
SWP0018,7.0,FLOAT,287617.3316012344,0.7201197685460701,207118.92626251918
SWP0018,7.25,FLOAT,283098.5027535406,0.7122325479654076,201631.96794134617
SWP0018,7.5,FIXED,529479.25,0.7044317133599748,372981.97526605445
SWP0018,7.5,FLOAT,283098.5027535406,0.7044317133599748,199423.56334432014
SWP0018,7.75,FLOAT,283098.5027535406,0.6967163185743244,197239.34663235003
SWP0018,8.0,FIXED,529479.25,0.6890854278159195,364856.4355059022
SWP0018,8.0,FLOAT,283098.5027535406,0.6890854278159195,195079.0528839698
SWP0018,8.25,FLOAT,278541.42547939846,0.6816610098928219,189870.82938927293
SWP0018,8.5,FIXED,529479.25,0.6743165849274501,357036.6396499476
SWP0018,8.5,FLOAT,278541.42547939846,0.6743165849274501,187825.1027900918
SWP0018,8.75,FLOAT,278541.42547939846,0.6670512910511227,185801.41747725283
SWP0018,9.0,FIXED,529479.25,0.6598642756811962,349384.441789473
SWP0018,9.0,FLOAT,278541.42547939846,0.6598642756811962,183799.53597117116
SWP0018,9.25,FLOAT,273935.4637467474,0.652873683887616,178845.25536380147
SWP0018,9.5,FIXED,529479.25,0.6459571503139235,342020.9074803535
SWP0018,9.5,FLOAT,273935.46374675294,0.6459571503139235,176950.57153177564
SWP0018,9.75,FLOAT,273935.4637467474,0.6391138903884982,175075.95995056114
SWP0018,10.0,FIXED,529479.25,0.6323431278514587,334812.5650774445
SWP0018,10.0,FLOAT,273935.4637467474,0.6323431278514587,173221.20797505815
SWP0018,10.25,FLOAT,269271.7178139382,0.6257595933244686,168499.36063303106
SWP0018,10.5,FIXED,529479.25,0.6192446021641399,327877.1675204172
SWP0018,10.5,FLOAT,269271.7178139327,0.6192446021641399,166745.05777174328
SWP0018,10.75,FLOAT,269271.7178139382,0.6127974407426948,165009.01954077045
SWP0018,11.0,FIXED,529479.25,0.6064174028621718,321085.4316544106
SWP0018,11.0,FLOAT,269271.7178139382,0.6064174028621718,163291.05578096403
SWP0018,11.25,FLOAT,264542.86011457286,0.6002161411111901,158782.8946564863
SWP0018,11.5,FIXED,529479.25,0.5940782938452195,314552.1294664464
SWP0018,11.5,FLOAT,264542.86011457286,0.5940782938452195,157159.1709858
SWP0018,11.75,FLOAT,264542.86011457286,0.5880032125838262,155552.05161348256
SWP0018,12.0,FIXED,529479.25,0.5819902554779774,308151.76397778786
SWP0018,12.0,FLOAT,264542.86011457286,0.5819902554779774,153961.3667429551
SWP0018,12.25,FLOAT,259742.99406153825,0.576148273443633,149650.47756763507
SWP0018,12.5,FIXED,529479.25,0.5703649328620765,301996.3968781126
SWP0018,12.5,FLOAT,259742.9940615327,0.5703649328620765,148148.29536930082
SWP0018,12.75,FLOAT,259742.9940615327,0.5646396450940472,146661.19198256903
SWP0018,13.0,FIXED,529479.25,0.5589718274090089,295963.98394765146
SWP0018,13.0,FLOAT,259742.99406153825,0.5589718274090089,145189.01604726538
SWP0018,13.25,FLOAT,254867.53254344367,0.5534677558964753,141060.96128769167
SWP0018,13.5,FIXED,529479.25,0.5480178817544168,290164.09701791726
SWP0018,13.5,FLOAT,254867.5325434381,0.5480178817544168,139671.96531242985
SWP0018,13.75,FLOAT,254867.53254344367,0.5426216713133557,138296.64647223448
SWP0018,14.0,FIXED,529479.25,0.5372785961587402,284477.86813518265
SWP0018,14.0,FLOAT,254867.5325434381,0.5372785961587402,136934.87009138046
SWP0018,14.25,FLOAT,249913.09316876667,0.5320925435581239,132976.89341264745
SWP0018,14.5,FIXED,529479.25,0.5269565490498428,279012.55837349896
SWP0018,14.5,FLOAT,249913.09316877223,0.5269565490498428,131693.34113858806
SWP0018,14.75,FLOAT,249913.09316876667,0.5218701294508675,130422.17828345098
SWP0018,15.0,FLOAT,249913.09316876667,0.5168328062420661,129163.28525904859
SWP0018,15.219444444444445,FIXED,529479.25,0.5125409911916284,271379.8196104
SWP0018,15.219444444444445,FLOAT,215590.0881195584,0.5125409911916284,110498.75745588899
SWP0019,0.25,FLOAT,328124.99999999924,0.9872886585215352,323954.091077378
SWP0019,0.5,FIXED,519400.0,0.9753718605218239,506608.1443550353
SWP0019,0.5,FLOAT,311692.4287301016,0.9753718605218239,304016.0241210452
SWP0019,0.75,FLOAT,301299.9878078494,0.9639947944281101,290451.6198080199
SWP0019,1.0,FIXED,519400.0,0.9521189937160147,494530.60533609806
SWP0019,1.0,FLOAT,318075.53836431314,0.9521189937160147,302845.76151310944
SWP0019,1.25,FLOAT,310158.25402755727,0.9406837316963362,291760.82381506276
SWP0019,1.5,FIXED,519400.0,0.9293858109316078,482722.99019787705
SWP0019,1.5,FLOAT,310158.25402755727,0.9293858109316078,288256.6804365329
SWP0019,1.75,FLOAT,310158.25402755727,0.9182235819082214,284794.6229715837
SWP0019,2.0,FIXED,519400.0,0.9071954149237699,471197.29851140606
SWP0019,2.0,FLOAT,310158.25402755727,0.9071954149237699,281374.1459545618
SWP0019,2.25,FLOAT,305595.2052839685,0.8964613585476264,273954.2928945072
SWP0019,2.5,FIXED,519400.0,0.8858543089490646,460112.7280681441
SWP0019,2.5,FLOAT,305595.2052839685,0.8858543089490646,270712.8293949774
SWP0019,2.75,FLOAT,305595.2052839685,0.8753727633670603,267509.71932115156
SWP0019,3.0,FIXED,519400.0,0.8650152368214571,449288.9140050648
SWP0019,3.0,FLOAT,305595.2052839685,0.8650152368214571,264344.50887021376
SWP0019,3.25,FLOAT,301080.94988839165,0.8549328107145087,257403.98274067682
SWP0019,3.5,FIXED,519400.0,0.8449679031342576,438876.3288879334
SWP0019,3.5,FLOAT,301080.94988839165,0.8449679031342576,254403.7389008648
SWP0019,3.75,FLOAT,301080.94988839165,0.8351191443107725,251438.4652390682
SWP0019,4.0,FIXED,519400.0,0.8253851804398571,428705.06272046175
SWP0019,4.0,FLOAT,301080.94988839165,0.8253851804398571,248507.75415063373
SWP0019,4.25,FLOAT,296592.64319134917,0.8159094482079573,241992.73984879325
SWP0019,4.5,FIXED,519400.0,0.8065425009451345,418918.17499090283
SWP0019,4.5,FLOAT,296592.64319134917,0.8065425009451345,239214.57220147867
SWP0019,4.75,FLOAT,296592.6431913547,0.7972830897590382,236468.29896340324
SWP0019,5.0,FIXED,519400.0,0.7881299800950722,409354.7116613805
SWP0019,5.0,FLOAT,296592.64319134917,0.7881299800950722,233753.55397474286
SWP0019,5.25,FLOAT,292110.4748999627,0.7792200515357292,227618.33930567527
SWP0019,5.5,FIXED,519400.0,0.7704108510655816,400151.3960434631
SWP0019,5.5,FLOAT,292110.47489995713,0.7704108510655816,225045.0795728472
SWP0019,5.75,FLOAT,292110.4748999627,0.7617012399383549,222500.9109302833
SWP0019,6.0,FIXED,519400.0,0.7530900922814734,391154.99393099727
SWP0019,6.0,FLOAT,292110.4748999627,0.7530900922814734,219985.50449879793
SWP0019,6.25,FLOAT,287617.3316012344,0.7447086251344928,214191.10758160675
SWP0019,6.5,FIXED,519400.0,0.7364204389803919,382496.77600641554
SWP0019,6.5,FLOAT,287617.3316012344,0.7364204389803919,211807.28159614996
SWP0019,6.75,FLOAT,287617.33160122886,0.7282244956544343,209449.98624677907
SWP0019,7.0,FIXED,519400.0,0.7201197685460701,374030.2077828288
SWP0019,7.0,FLOAT,287617.3316012344,0.7201197685460701,207118.92626251918
SWP0019,7.25,FLOAT,283098.5027535406,0.7122325479654076,201631.96794134617
SWP0019,7.5,FIXED,519400.0,0.7044317133599748,365881.8319191709
SWP0019,7.5,FLOAT,283098.5027535406,0.7044317133599748,199423.56334432014
SWP0019,7.75,FLOAT,283098.5027535406,0.6967163185743244,197239.34663235003
SWP0019,8.0,FIXED,519400.0,0.6890854278159195,357910.9712075886
SWP0019,8.0,FLOAT,283098.5027535406,0.6890854278159195,195079.0528839698
SWP0019,8.25,FLOAT,278541.42547939846,0.6816610098928219,189870.82938927293
SWP0019,8.5,FIXED,519400.0,0.6743165849274501,350240.03421131754
SWP0019,8.5,FLOAT,278541.42547939846,0.6743165849274501,187825.1027900918
SWP0019,8.75,FLOAT,278541.42547939846,0.6670512910511227,185801.41747725283
SWP0019,9.0,FIXED,519400.0,0.6598642756811962,342733.5047888133
SWP0019,9.0,FLOAT,278541.42547939846,0.6598642756811962,183799.53597117116
SWP0019,9.25,FLOAT,273935.4637467474,0.652873683887616,178845.25536380147
SWP0019,9.5,FIXED,519400.0,0.6459571503139235,335510.14387305186
SWP0019,9.5,FLOAT,273935.46374675294,0.6459571503139235,176950.57153177564
SWP0019,9.75,FLOAT,273935.4637467474,0.6391138903884982,175075.95995056114
SWP0019,10.0,FIXED,519400.0,0.6323431278514587,328439.02060604765
SWP0019,10.0,FLOAT,273935.4637467474,0.6323431278514587,173221.20797505815
SWP0019,10.25,FLOAT,269271.7178139382,0.6257595933244686,168499.36063303106
SWP0019,10.5,FIXED,519400.0,0.6192446021641399,321635.6463640543
SWP0019,10.5,FLOAT,269271.7178139327,0.6192446021641399,166745.05777174328
SWP0019,10.75,FLOAT,269271.7178139382,0.6127974407426948,165009.01954077045
SWP0019,11.0,FIXED,519400.0,0.6064174028621718,314973.199046612
SWP0019,11.0,FLOAT,269271.7178139382,0.6064174028621718,163291.05578096403
SWP0019,11.25,FLOAT,264542.86011457286,0.6002161411111901,158782.8946564863
SWP0019,11.5,FIXED,519400.0,0.5940782938452195,308564.265823207
SWP0019,11.5,FLOAT,264542.86011457286,0.5940782938452195,157159.1709858
SWP0019,11.75,FLOAT,264542.86011457286,0.5880032125838262,155552.05161348256
SWP0019,12.0,FIXED,519400.0,0.5819902554779774,302285.7386952615
SWP0019,12.0,FLOAT,264542.86011457286,0.5819902554779774,153961.3667429551
SWP0019,12.25,FLOAT,259742.99406153825,0.576148273443633,149650.47756763507
SWP0019,12.5,FIXED,519400.0,0.5703649328620765,296247.54612856254
SWP0019,12.5,FLOAT,259742.9940615327,0.5703649328620765,148148.29536930082
SWP0019,12.75,FLOAT,259742.9940615327,0.5646396450940472,146661.19198256903
SWP0019,13.0,FIXED,519400.0,0.5589718274090089,290329.9671562392
SWP0019,13.0,FLOAT,259742.99406153825,0.5589718274090089,145189.01604726538
SWP0019,13.25,FLOAT,254867.53254344367,0.5534677558964753,141060.96128769167
SWP0019,13.5,FIXED,519400.0,0.5480178817544168,284640.48778324405
SWP0019,13.5,FLOAT,254867.5325434381,0.5480178817544168,139671.96531242985
SWP0019,13.75,FLOAT,254867.53254344367,0.5426216713133557,138296.64647223448
SWP0019,14.0,FIXED,519400.0,0.5372785961587402,279062.50284484966
SWP0019,14.0,FLOAT,254867.5325434381,0.5372785961587402,136934.87009138046
SWP0019,14.25,FLOAT,249913.09316876667,0.5320925435581239,132976.89341264745
SWP0019,14.5,FIXED,519400.0,0.5269565490498428,273701.23157648835
SWP0019,14.5,FLOAT,249913.09316877223,0.5269565490498428,131693.34113858806
SWP0019,14.75,FLOAT,249913.09316876667,0.5218701294508675,130422.17828345098
SWP0019,15.0,FIXED,519400.0,0.5168328062420661,268442.9595621291
SWP0019,15.0,FLOAT,249913.09316876667,0.5168328062420661,129163.28525904859
SWP0019,15.25,FLOAT,244877.40758054945,0.5119462301729933,125364.06566539788
SWP0019,15.5,FIXED,519400.0,0.5071058559420981,263390.78157632577
SWP0019,15.5,FLOAT,244877.407580555,0.5071058559420981,124178.76737201937
SWP0019,15.75,FLOAT,244877.407580555,0.5023112467179833,123004.67589485632
SWP0019,16.0,FIXED,519400.0,0.4975619697994269,258433.68711382232
SWP0019,16.0,FLOAT,244877.407580555,0.4975619697994269,121841.68527515806
SWP0019,16.25,FLOAT,239759.24241504757,0.4929575639077919,118191.13206529958
SWP0019,16.5,FIXED,519400.0,0.4883957668868135,253672.76132101094
SWP0019,16.5,FLOAT,239759.2424150531,0.4883957668868135,117097.39906750129
SWP0019,16.75,FLOAT,239759.24241504757,0.48387618443679276,116013.78740324927
SWP0019,17.0,FIXED,519400.0,0.4793984259068537,248999.54241601983
SWP0019,17.0,FLOAT,239759.24241504757,0.4793984259068537,114940.20341039356
SWP0019,17.25,FLOAT,234558.32971557637,0.47506001952396704,111429.2846941908
SWP0019,17.5,FIXED,519400.0,0.47076087436707936,244513.198146261
SWP0019,17.5,FLOAT,234558.32971557637,0.47076087436707936,110420.88438698642
SWP0019,17.75,FLOAT,234558.3297155819,0.4665006351343283,109421.60978836616
SWP0019,18.0,FIXED,519400.0,0.46227894973922296,240107.6864945524
SWP0019,18.0,FLOAT,234558.3297155819,0.46227894973922296,108431.37831350557
SWP0019,18.25,FLOAT,229275.3048360664,0.4581914185077842,105051.97715164191
SWP0019,18.5,FIXED,519400.0,0.4541400297647227,235880.33145979696
SWP0019,18.5,FLOAT,229275.3048360664,0.4541400297647227,104123.09376256706
SWP0019,18.75,FLOAT,229275.30483607197,0.4501244639334058,103202.4236825051
SWP0019,19.0,FIXED,519400.0,0.44614440426293994,231727.403574171
SWP0019,19.0,FLOAT,229275.3048360664,0.44614440426293994,102289.8942882908
SWP0019,19.25,FLOAT,223911.65008018646,0.4422935901568032,99034.68759189952
SWP0019,19.5,FIXED,519400.0,0.43847601365073124,227744.4414901898
SWP0019,19.5,FLOAT,223911.6500801809,0.43847601365073124,98179.88773711516
SWP0019,19.75,FLOAT,223911.6500801809,0.4346913878604374,97332.46593147445
SWP0019,20.0,FIXED,519400.0,0.43093942837782423,223829.9390994419
SWP0019,20.0,FLOAT,223911.65008018646,0.43093942837782423,96492.35849269095
SWP0019,20.291666666666668,FIXED,519400.0,0.4267104831362119,221633.42494094846
SWP0019,20.291666666666668,FLOAT,254014.31613132145,0.4267104831362119,108390.57155991065
SWP0020,0.25,FLOAT,315624.99999999924,0.9872886585215352,311612.9828458588
SWP0020,0.5,FIXED,534414.875,0.9753718605218239,521253.23091928795
SWP0020,0.5,FLOAT,299192.4287301016,0.9753718605218239,291823.8758645224
SWP0020,0.75,FLOAT,288799.9878078494,0.9639947944281101,278401.6848776685
SWP0020,1.0,FIXED,534414.875,0.9521189937160147,508826.5530118698
SWP0020,1.0,FLOAT,305575.53836431314,0.9521189937160147,290944.2740916593
SWP0020,1.25,FLOAT,297658.25402755727,0.9406837316963362,280002.27716885856
SWP0020,1.5,FIXED,534414.875,0.9293858109316078,496677.6019757888
SWP0020,1.5,FLOAT,297658.25402755727,0.9293858109316078,276639.35779988783
SWP0020,1.75,FLOAT,297658.25402755727,0.9182235819082214,273316.8281977309
SWP0020,2.0,FIXED,534414.875,0.9071954149237699,484818.7242670596
SWP0020,2.0,FLOAT,297658.25402755727,0.9071954149237699,270034.2032680147
SWP0020,2.25,FLOAT,293095.2052839685,0.8964613585476264,262748.52591266186
SWP0020,2.5,FIXED,534414.875,0.8858543089490646,473413.71978522575
SWP0020,2.5,FLOAT,293095.2052839685,0.8858543089490646,259639.65053311412
SWP0020,2.75,FLOAT,293095.2052839685,0.8753727633670603,256567.5597790633
SWP0020,3.0,FIXED,534414.875,0.8650152368214571,462277.0096590344
SWP0020,3.0,FLOAT,293095.2052839685,0.8650152368214571,253531.81840994558
SWP0020,3.25,FLOAT,288580.94988839165,0.8549328107145087,246717.32260674544
SWP0020,3.5,FIXED,534414.875,0.8449679031342576,451563.4163325064
SWP0020,3.5,FLOAT,288580.94988839165,0.8449679031342576,243841.64011168657
SWP0020,3.75,FLOAT,288580.94988839165,0.8351191443107725,240999.47593518355
SWP0020,4.0,FIXED,534414.875,0.8253851804398571,441098.11803161865
SWP0020,4.0,FLOAT,288580.94988839165,0.8253851804398571,238190.4393951355
SWP0020,4.25,FLOAT,284092.64319134917,0.8159094482079573,231793.8717461938
SWP0020,4.5,FIXED,534414.875,0.8065425009451345,431028.30982478143
SWP0020,4.5,FLOAT,284092.64319134917,0.8065425009451345,229132.7909396645
SWP0020,4.75,FLOAT,284092.6431913547,0.7972830897590382,226502.26034141524
SWP0020,5.0,FIXED,534414.875,0.7881299800950722,421188.3847962605
SWP0020,5.0,FLOAT,284092.64319134917,0.7881299800950722,223901.92922355447
SWP0020,5.25,FLOAT,279610.47489996266,0.7792200515357292,217878.0886614786
SWP0020,5.5,FIXED,534414.875,0.7704108510655816,411719.0186708564
SWP0020,5.5,FLOAT,279610.47489995713,0.7704108510655816,215414.94393452743
SWP0020,5.75,FLOAT,279610.47489996266,0.7617012399383549,212979.64543105382
SWP0020,6.0,FIXED,534414.875,0.7530900922814734,402462.54753034207
SWP0020,6.0,FLOAT,279610.47489996266,0.7530900922814734,210571.8783452795
SWP0020,6.25,FLOAT,275117.3316012344,0.7447086251344928,204882.2497674256
SWP0020,6.5,FIXED,534414.875,0.7364204389803919,393554.0368451513
SWP0020,6.5,FLOAT,275117.3316012344,0.7364204389803919,202602.02610889508
SWP0020,6.75,FLOAT,275117.33160122886,0.7282244956544343,200347.18005109864
SWP0020,7.0,FIXED,534414.875,0.7201197685460701,384842.716092577
SWP0020,7.0,FLOAT,275117.3316012344,0.7201197685460701,198117.4291556933
SWP0020,7.25,FLOAT,270598.5027535406,0.7122325479654076,192729.06109177857
SWP0020,7.5,FIXED,534414.875,0.7044317133599748,376458.78604130674
SWP0020,7.5,FLOAT,270598.5027535406,0.7044317133599748,190618.16692732045
SWP0020,7.75,FLOAT,270598.5027535406,0.6967163185743244,188530.39265017098
SWP0020,8.0,FIXED,534414.875,0.6890854278159195,368257.50277056615
SWP0020,8.0,FLOAT,270598.5027535406,0.6890854278159195,186465.48503627078
SWP0020,8.25,FLOAT,266041.42547939846,0.6816610098928219,181350.06676561266
SWP0020,8.5,FIXED,534414.875,0.6743165849274501,360364.8134444301
SWP0020,8.5,FLOAT,266041.42547939846,0.6743165849274501,179396.14547849866
SWP0020,8.75,FLOAT,266041.42547939846,0.6670512910511227,177463.2763391138
SWP0020,9.0,FIXED,534414.875,0.6598642756811962,352641.284405132
SWP0020,9.0,FLOAT,266041.42547939846,0.6598642756811962,175551.2325251562
SWP0020,9.25,FLOAT,261435.46374674738,0.652873683887616,170684.33431520624
SWP0020,9.5,FIXED,534414.875,0.6459571503139235,345209.10974037164
SWP0020,9.5,FLOAT,261435.46374675294,0.6459571503139235,168876.1071528516
SWP0020,9.75,FLOAT,261435.46374674738,0.6391138903884982,167087.0363207049
SWP0020,10.0,FIXED,534414.875,0.6323431278514587,337933.5736278463
SWP0020,10.0,FLOAT,261435.46374674738,0.6323431278514587,165316.9188769149
SWP0020,10.25,FLOAT,256771.71781393824,0.6257595933244686,160677.3657164752
SWP0020,10.5,FIXED,534414.875,0.6192446021641399,330933.52665997355
SWP0020,10.5,FLOAT,256771.7178139327,0.6192446021641399,159004.50024469153
SWP0020,10.75,FLOAT,256771.71781393824,0.6127974407426948,157349.05153148677
SWP0020,11.0,FIXED,534414.875,0.6064174028621718,324078.4805484122
SWP0020,11.0,FLOAT,256771.71781393824,0.6064174028621718,155710.8382451869
SWP0020,11.25,FLOAT,252042.86011457286,0.6002161411111901,151280.19289259642
SWP0020,11.5,FIXED,534414.875,0.5940782938452195,317484.27714550623
SWP0020,11.5,FLOAT,252042.86011457286,0.5940782938452195,149733.19231273475
SWP0020,11.75,FLOAT,252042.86011457286,0.5880032125838262,148202.01145618473
SWP0020,12.0,FIXED,534414.875,0.5819902554779774,311024.24963248137
SWP0020,12.0,FLOAT,252042.86011457286,0.5819902554779774,146686.4885494804
SWP0020,12.25,FLOAT,247242.99406153825,0.576148273443633,142448.62414958965
SWP0020,12.5,FIXED,534414.875,0.5703649328620765,304811.50429987
SWP0020,12.5,FLOAT,247242.9940615327,0.5703649328620765,141018.73370852487
SWP0020,12.75,FLOAT,247242.9940615327,0.5646396450940472,139603.19641889344
SWP0020,13.0,FIXED,534414.875,0.5589718274090089,298722.859273307
SWP0020,13.0,FLOAT,247242.99406153825,0.5589718274090089,138201.86820465277
SWP0020,13.25,FLOAT,242367.53254344364,0.5534677558964753,134142.6143389857
SWP0020,13.5,FIXED,534414.875,0.5480178817544168,292868.90777555143
SWP0020,13.5,FLOAT,242367.5325434381,0.5480178817544168,132821.74179049963
SWP0020,13.75,FLOAT,242367.53254344364,0.5426216713133557,131513.87558081752
SWP0020,14.0,FIXED,534414.875,0.5372785961587402,287129.67380634864
SWP0020,14.0,FLOAT,242367.5325434381,0.5372785961587402,130218.8876393962
SWP0020,14.25,FLOAT,237413.09316876665,0.5320925435581239,126325.73661817088
SWP0020,14.5,FIXED,534414.875,0.5269565490498428,281613.4182909031
SWP0020,14.5,FLOAT,237413.0931687722,0.5269565490498428,125106.38427546501
SWP0020,14.75,FLOAT,237413.09316876665,0.5218701294508675,123898.80166531513
SWP0020,15.0,FLOAT,237413.09316876665,0.5168328062420661,122702.87518102275
SWP0020,15.219444444444445,FIXED,534414.875,0.5125409911916284,273909.5297400502
SWP0020,15.219444444444445,FLOAT,203090.08811955838,0.5125409911916284,104091.99506599361
